,acc,loss,lr,val_acc,val_loss
0,0.964671470196,0.12119722655,0.0010000000475,0.985357135861,0.127096314292
